2019-10-31,2019-11-29,2019-12-31,2020-01-31,2020-02-28,2020-03-31
164.9900,169.7700,176.4200,158.6600,149.2400,136.5100
49.6800,48.4000,47.6400,42.6900,39.5500,37.8100
83.6100,85.4500,86.8600,87.1400,77.0300,78.9100
79.5500,87.7300,88.5400,81.0200,85.7100,76.1900
185.4200,201.1600,210.5700,205.2100,180.5900,163.2600
56.0300,54.8300,59.4200,58.4800,58.1300,59.4800
124.7900,130.7800,138.0000,117.8700,102.8600,85.6600
277.9300,309.5300,329.8100,351.1400,345.1200,318.2400
162.4800,157.0800,160.1600,131.7500,132.9800,93.3200
33.9300,39.1500,45.8600,47.0000,45.4800,45.4800
17.0500,18.9100,19.9000,19.8600,16.7300,13.6000
79.8800,85.3700,84.7400,79.8500,75.2200,59.1400
53.1600,54.8400,52.9000,51.5700,42.8500,34.2400
75.7500,80.7700,85.3100,82.5600,77.0700,71.6200
213.2600,236.3300,234.9900,238.7100,219.6100,199.6100
86.5000,87.1200,86.3800,93.3500,86.5100,91.4900
69.4300,69.0100,67.7500,64.5900,50.4600,28.4700
60.7400,65.3800,73.0400,80.2800,81.8500,56.3700
158.7500,162.5200,161.5800,163.2000,151.8800,137.0600
105.4000,113.9400,108.1500,99.3900,94.0300,89.7900
252.2900,277.3400,279.0400,257.1000,218.3500,173.9500
116.0400,120.0300,124.5400,129.3200,114.9900,92.0200
176.1100,184.9400,191.1700,186.6400,190.6700,177.1000
100.0000,106.9100,112.2000,102.7900,85.8800,33.6500
53.3400,53.0000,54.7200,59.3600,52.1200,48.2900
106.4200,111.3500,112.4500,118.5400,105.2500,91.7300
1258.8000,1304.0900,1339.3900,1432.7800,1339.2500,1161.9500
1260.1100,1304.9600,1337.0200,1434.2300,1339.3300,1162.8100
44.7900,49.7000,49.9100,47.5300,40.3700,38.6700
1776.6600,1800.8000,1847.8400,2008.7200,1883.7500,1949.7200
77.7000,74.3300,76.8000,82.0500,79.0000,72.8300
30.0600,28.7400,28.6800,26.8400,19.0500,12.1900
94.3900,91.3500,94.5100,104.2200,89.2600,79.9800
117.2800,120.1200,124.4900,129.8700,109.9300,85.6100
52.9600,52.6600,51.3300,50.2600,42.1600,24.2500
218.0800,214.0300,229.8200,231.7400,226.8000,217.7500
123.2700,121.0300,122.8500,136.2000,123.6600,119.5600
150.8900,163.8700,166.5800,165.4100,141.3000,102.4800
85.3800,87.9100,85.0200,85.5600,84.3200,88.5000
91.6500,99.0100,99.7400,97.1500,86.0000,72.0200
213.2500,234.7200,241.0700,216.0500,199.7300,202.7300
100.3300,104.0000,108.2300,99.4700,91.6800,72.8800
106.6300,112.9500,118.8400,109.7500,109.0500,89.6500
220.1500,254.6900,257.4100,274.3300,242.1900,232.4700
269.0800,288.6600,302.0300,265.2800,257.0900,227.0400
193.1600,203.6100,208.2900,220.2500,208.0000,165.0400
21.6600,22.2800,25.5900,27.4400,24.9200,4.1800
54.8800,53.7700,51.6500,52.7100,47.8400,35.1500
248.7600,267.2500,293.6500,309.5100,273.3600,254.2900
54.2600,57.9000,61.0400,57.9900,58.1200,45.8200
89.5500,93.8800,94.9700,84.7900,78.1100,49.2400
42.0400,42.9300,46.3500,44.7600,37.6500,35.1800
91.2200,93.2700,95.2300,102.5700,97.4900,81.5100
126.0700,132.8700,131.0800,130.5600,120.5900,104.0900
38.4900,37.3800,39.0800,37.6200,35.2200,29.1500
147.3600,180.9000,183.4600,196.8500,190.8800,156.1000
162.2300,170.7800,170.5000,171.3900,154.7400,136.6800
1144.3800,1177.9200,1191.3100,1057.9600,1032.5100,846.0000
217.6600,214.4100,209.7000,216.6900,200.5900,147.1700
127.8600,130.3700,130.8200,131.2400,114.4900,101.8700
21.4000,22.4200,25.6300,21.6600,16.0900,10.5000
69.9700,66.0600,64.6700,72.1800,70.4600,64.6600
31.2700,33.3200,35.2200,32.8300,28.5000,21.2300
76.7000,81.9700,83.6200,89.2200,83.4700,81.1900
256.0000,258.5000,271.9700,275.1800,237.8200,229.7700
212.5800,220.3000,226.5000,224.4300,206.3400,182.8300
71.8300,80.6400,87.8000,84.6900,75.6500,57.0000
298.7100,299.8100,296.7300,268.8500,308.3900,316.3800
461.7000,494.9100,502.7000,527.3500,463.0100,439.9700
24.9900,24.3800,23.4800,23.2000,20.6700,14.0800
339.9100,366.1800,325.7600,318.2700,275.1100,149.1400
2048.7700,1904.0300,2053.7300,1830.5500,1695.6600,1345.3200
41.6800,42.0500,43.3800,34.2900,31.6000,24.3700
137.2000,138.5400,137.8600,143.3500,128.9400,92.2300
41.7000,43.2500,45.2200,41.8700,37.3900,32.6300
37.7600,41.1600,39.2300,38.9000,35.8400,24.1700
57.3700,56.9400,64.1900,62.9500,59.0600,55.7400
292.8500,316.2100,316.0200,305.1600,272.6200,237.1000
75.6400,76.8500,78.2000,72.2200,68.9000,66.2000
18.6400,15.9400,17.4100,14.0900,13.9300,17.1900
65.3500,70.2500,69.3600,72.1100,66.1400,66.0400
46.3100,46.5700,49.4200,48.3900,45.1200,46.1600
93.2500,100.0100,102.9100,99.8000,88.2600,50.4200
49.4500,55.0300,50.5800,51.2100,52.1200,47.9400
93.1700,97.2600,87.6700,97.0400,87.3100,53.8300
42.8900,45.0800,50.8300,43.5300,33.4600,13.1700
137.8000,144.7300,147.6800,131.3500,124.2400,116.0400
115.1500,118.9000,120.0000,123.2200,114.0000,89.2500
53.5500,57.0200,61.2900,61.0500,56.1400,37.7100
53.0800,60.4700,62.8700,62.8100,53.0200,59.4100
29.0700,24.5600,27.2700,26.4800,23.0200,15.4500
12.9400,14.4900,13.2100,13.6600,12.0700,9.4600
67.1200,71.5900,73.3900,71.8300,69.2700,62.9900
45.3500,46.2100,47.7400,40.2800,36.8600,27.2000
40.7100,49.5000,47.5600,45.5500,40.7500,33.6200
467.8600,470.0100,485.0800,517.4600,493.1700,436.3100
116.1400,117.1300,120.5100,107.1400,93.3400,72.4600
778.1600,813.9200,837.1100,866.7600,773.5800,654.4000
152.4200,151.4800,155.6600,151.9900,145.0300,111.6900
69.9400,70.2400,70.3400,74.2200,69.5200,64.1800
178.4600,199.9200,204.4900,192.3800,182.9400,177.1800
42.2200,45.9700,52.4900,43.8900,33.0500,16.8300
113.2100,107.0500,105.1500,104.9500,93.2400,75.4500
268.6700,257.0600,269.0800,278.9700,266.7400,173.2200
47.5100,45.3100,47.9600,45.9700,39.9300,39.3100
71.8600,75.1200,79.8900,74.4100,63.4600,42.1200
35.1600,38.4600,40.6100,37.2800,31.6900,18.8100
108.8600,112.8100,110.9000,121.2200,103.3900,141.5500
205.7500,202.7300,200.7200,217.1100,198.8200,172.9100
63.9200,61.3000,62.8400,68.5100,60.4200,58.7500
54.4300,53.4000,55.3500,58.4000,53.4900,44.2500
60.9400,64.1100,62.0200,61.3800,60.9300,46.4700
68.6000,67.8200,68.8400,73.7800,67.5700,66.3600
44.8200,44.1500,44.9700,43.1900,40.4300,34.3800
65.4200,70.4100,71.7500,61.1600,52.6400,29.3400
27.0500,28.8700,34.2400,32.9200,26.6900,29.3400
67.5200,72.5600,87.5700,75.7800,68.0200,42.8500
55.2000,59.9400,65.0300,59.4300,48.4200,30.8000
92.2200,86.8900,90.4700,94.0000,78.8200,78.0000
190.3300,186.0600,189.7500,188.3000,172.3800,143.3600
29.6300,29.0400,29.1100,26.6900,23.8600,20.5400
297.1100,299.8100,293.9200,305.5200,281.1400,285.1300
11.6900,11.5400,11.2500,10.2600,9.2300,5.1600
138.7900,133.6600,142.1500,149.8400,143.2900,144.4000
70.2700,71.5400,72.3600,76.3400,70.4500,57.3000
172.4800,182.8600,178.9600,159.9700,151.2900,135.3200
66.3900,75.2700,74.2900,67.8200,59.1800,59.3300
52.3700,55.3500,52.7500,59.2000,53.2700,34.0000
137.8200,145.9800,153.4800,160.8700,144.5800,138.4100
112.2700,118.4400,109.0100,116.4300,97.5000,54.4600
58.6000,71.7700,75.0300,79.8700,77.6200,76.0600
174.1400,168.0500,173.2600,158.5800,156.4800,138.1600
55.0800,57.3100,58.4800,55.7400,46.1300,28.5300
54.7800,56.5400,56.5900,56.0000,49.2400,38.8300
20.2800,21.8900,25.9700,21.7200,16.2400,6.9100
127.0400,120.9500,119.7400,122.9900,120.1100,138.9100
80.2600,84.8700,84.8200,75.1300,65.5800,35.6700
26.9550,32.9400,32.7400,29.2600,25.7000,19.4400
25.2400,30.5200,30.4900,27.7700,25.1000,17.5400
34.3800,34.1700,35.4700,36.7600,33.5200,19.9900
160.3400,157.3600,155.9800,153.4100,150.3000,151.0100
110.4000,91.4600,94.0500,87.0700,83.0300,73.4700
82.5500,83.1100,82.8200,85.7500,78.1800,72.1900
103.8900,111.4800,115.2600,113.8500,102.7400,83.9400
127.3200,124.9400,129.8700,132.6100,111.6700,94.9700
94.2600,88.1700,91.2100,97.6300,91.7000,80.8800
35.1400,35.1800,34.6700,36.3100,32.4700,32.3800
27.6700,37.3300,37.5900,31.8800,24.1100,13.0500
41.7900,44.3000,45.3700,42.6200,45.7800,34.3200
76.0400,78.3700,79.2600,71.2700,61.5100,46.5800
87.1100,92.5000,94.7200,94.4700,90.7200,77.6900
35.2500,35.5200,36.1100,33.5600,34.6400,30.0600
192.0700,186.6700,192.9900,196.1100,180.4500,155.8300
62.9000,69.1000,75.4100,76.5500,67.1900,54.7900
238.3800,244.9400,233.2900,219.8600,204.8400,188.6200
96.4000,101.0100,107.5100,107.9200,101.3700,100.1700
70.1500,73.8600,76.2600,71.6300,64.1100,47.6500
121.4800,116.3900,119.8000,131.5200,116.9100,93.9700
69.3100,70.9000,83.7600,72.9100,63.2600,35.9200
10.7400,8.7300,10.9000,6.0500,5.8700,7.0700
136.7100,139.6400,140.1200,149.9000,142.0400,119.4500
566.7800,566.8500,583.7000,589.7300,572.8000,624.5700
88.6600,85.1000,80.9200,83.0800,75.1000,61.7100
327.1300,312.1800,300.8600,309.7600,283.3600,220.2400
186.2700,195.4700,206.5400,195.1600,183.6000,159.3400
257.0900,271.2600,276.8400,276.5700,247.8800,192.4200
83.7400,82.6400,85.0700,92.4400,86.4600,78.2100
45.4900,44.4000,45.5900,47.5900,43.1100,36.8100
136.6600,101.6600,108.1400,108.4500,98.6200,56.2700
72.9400,74.7600,78.0200,73.0400,70.4200,66.7200
112.2700,106.0500,105.6200,110.6800,100.3600,95.7600
67.5700,68.1300,69.7800,62.1200,51.4400,37.9700
144.0800,145.7100,139.6500,122.1200,119.9500,106.6300
191.6500,201.6400,205.2500,201.9100,192.4700,166.8000
35.9400,35.5200,36.9500,34.8800,34.2200,31.2500
136.0100,132.0700,128.7300,125.0200,116.3400,74.6100
152.6600,160.0500,151.2100,144.6400,141.1700,121.2600
131.7600,138.1500,139.0900,143.6600,139.7200,121.6400
29.0800,30.1900,30.7400,28.4500,24.4000,14.8500
48.3200,47.6900,48.6000,50.7900,44.5300,40.0700
106.1400,116.2400,115.6300,118.6100,109.3600,94.9900
51.5600,53.5600,52.0700,51.5400,42.4700,31.8900
48.8400,48.7000,49.7700,46.6800,40.1900,23.8900
16.1100,17.4400,18.8800,17.8900,9.3200,6.9100
91.5000,97.9600,99.8200,95.5900,93.1000,81.6900
43.5100,40.0500,38.9900,37.9700,36.2500,22.0500
8.5900,9.0600,9.3000,8.8200,6.9600,4.8300
69.0000,72.1700,76.3900,74.9300,69.1600,55.1900
60.0500,63.2600,65.3400,68.7100,61.7500,43.2500
27.5500,27.4900,25.9800,25.3000,21.7600,16.6900
9.8200,11.3800,13.1200,11.1000,9.9600,6.7500
16.2600,16.6100,17.6800,17.4100,14.3300,7.0400
93.7500,97.6900,97.5600,96.9500,88.3900,74.9600
154.0800,160.4600,154.1000,160.7800,129.3900,99.5700
176.8000,181.7400,176.3500,175.4400,159.6900,132.3100
9.9800,11.2700,11.1600,12.4500,10.8800,7.9400
50.8600,53.3200,53.5600,52.2200,49.0000,52.7700
37.1600,36.0000,36.6000,33.3900,30.5000,20.7800
102.5800,104.3700,106.2300,93.5700,87.2400,67.3300
63.7100,67.2400,64.9800,63.2000,69.3600,74.7600
169.1800,181.1000,182.5600,195.4500,183.9700,144.2300
213.3800,221.3500,229.9300,237.7500,200.7700,154.5900
15.8700,15.9900,15.5550,13.1300,9.6850,5.8200
308.8400,316.9500,338.5200,302.6700,277.5400,248.5000
19.2500,20.9900,24.4700,21.8100,16.9600,6.8500
15.2100,15.0700,14.8500,13.7600,13.2400,7.8700
38.9100,36.3800,37.1900,33.4000,30.4700,18.9300
206.3100,201.0900,197.8700,221.3300,197.7300,180.1200
57.0800,61.8600,60.7700,59.2800,49.9500,35.2400
97.3100,101.7000,105.6100,101.8700,77.2500,71.5500
133.5400,138.6600,147.8100,138.8000,127.0100,89.8500
37.6200,34.8800,34.4700,35.9900,31.6400,23.8500
37.5000,39.5300,45.4300,40.5500,36.8900,15.6500
62.5850,68.9000,66.7200,68.9400,60.9400,50.5200
65.7500,62.0900,66.8100,56.5700,56.1800,33.3000
16.4100,15.8300,15.8600,13.9300,12.7900,9.7100
96.9600,105.0000,110.9100,107.8000,97.2000,68.2400
48.3100,51.3200,52.2100,53.5200,47.1200,35.1000
234.5800,220.5100,218.3800,228.1000,217.8400,186.7100
172.7300,178.5500,177.0000,173.2200,162.1700,133.7900
40.8900,44.5300,45.1100,47.2600,41.6000,46.6400
16.3900,17.4900,18.5500,16.3400,14.4800,11.0400
17.3700,20.0800,20.5500,21.3200,20.7900,17.3600
294.2000,341.2300,366.5200,336.2400,319.6800,314.0200
14.1300,14.8900,15.0800,13.5700,12.2700,8.2100
225.6600,251.6700,250.8800,261.0000,205.5300,182.2100
285.0100,251.5800,261.1300,271.0100,254.5100,242.2400
70.0200,72.6500,75.3500,78.8600,71.2400,60.0000
168.5800,174.3300,179.6300,174.9800,167.7800,142.1200
295.5200,320.7600,331.7400,290.0700,265.6700,273.1200
83.9200,94.1600,87.3200,73.0700,75.4100,73.2300
31.8300,33.8700,36.6800,35.3100,32.7900,24.8000
56.5300,58.0500,59.8500,63.9300,55.5200,54.1200
94.3200,94.1700,92.5500,99.7400,89.2200,80.7500
133.7300,134.4500,134.0400,143.7300,130.1500,110.9300
43.6800,46.3400,46.0500,40.7200,36.9600,31.1300
21.7500,22.4000,23.1000,22.7000,21.3600,16.1900
122.0100,141.2300,129.0200,131.1100,119.7800,102.0800
257.5000,258.8900,261.9300,280.3800,265.8500,230.0000
552.9500,592.9000,591.1500,559.7800,533.9600,495.2100
16.8200,17.5600,17.9800,17.3000,14.4000,9.0800
134.2800,142.0900,144.9200,127.6700,127.6400,110.2800
144.4200,145.9800,154.5100,155.2500,139.4900,107.8600
32.8000,32.1200,31.8700,31.6100,30.4100,23.8000
117.5600,115.6200,116.7800,107.9300,96.4400,92.2300
93.5800,92.0900,89.8300,92.5300,92.3400,79.2700
105.6800,105.0900,104.1300,103.6100,102.9900,111.0000
132.0400,137.4900,145.8700,148.8700,134.4800,131.1300
43.3300,42.8300,40.7100,39.4500,36.5700,26.9600
124.9200,131.7600,139.4000,132.3600,116.1100,90.0300
24.8200,25.0600,24.6300,22.9400,21.2200,19.1400
140.7800,152.4200,153.1600,168.6900,150.6800,127.1800
63.5300,65.1200,69.1600,68.2100,60.4700,59.9900
17.9700,19.3900,20.2400,18.7100,16.3500,10.3700
132.8800,136.3400,137.5500,143.2400,131.1900,127.8700
21.5600,21.6200,20.7100,19.0500,17.3500,9.6700
19.9800,19.6100,21.1700,20.8700,19.1700,13.9200
169.0400,163.8600,178.1700,165.7400,153.7100,143.7400
51.2600,47.0100,50.9500,42.7500,39.1500,14.5900
32.3300,30.5000,32.1300,29.2000,24.7700,24.7400
24.6400,27.3400,28.9900,26.8600,28.1300,30.1200
17.0400,19.1400,18.1200,23.1600,21.6600,11.5600
164.7700,172.2900,169.1700,175.4000,175.6900,126.3900
271.0400,266.8300,292.4000,298.2100,293.4300,240.0000
51.3000,52.3200,50.8300,47.5900,39.6600,26.6800
59.6000,59.6500,55.7900,66.3600,60.3400,38.2000
113.9500,117.3500,131.4300,139.6400,126.1300,138.7200
56.4800,59.0500,59.0100,54.4800,45.3900,26.3200
33.9900,35.2800,35.7000,32.6850,29.5800,20.5100
376.6800,391.0300,389.3800,428.1200,369.8700,338.9500
49.0000,50.9000,52.4900,51.4500,45.6300,34.8300
111.6100,117.3100,119.7600,116.2400,106.5700,86.0500
89.7000,92.5400,94.4800,77.8600,71.4600,49.6300
156.5300,164.7400,169.7500,168.5200,140.3800,103.4300
27.5000,26.9300,26.9200,22.3100,20.4200,5.6300
15.1600,15.3200,17.0000,15.9500,13.2300,4.9100
11.5300,11.6500,13.5800,11.3700,8.2800,3.2900
63.9500,60.6400,60.2500,54.5000,47.4200,23.6200
126.5500,140.3600,151.4300,140.0600,124.0000,74.8100
103.6200,108.0700,111.4100,111.8600,104.5600,86.4600
261.9100,268.4000,279.6400,263.8000,227.5300,189.2300
46.2500,46.5500,47.9900,47.5200,41.3200,34.5700
276.8100,292.2300,298.5900,315.9400,290.2500,241.5600
11.9400,11.7000,13.5500,14.6300,11.7900,8.8100
160.6900,169.2500,169.7300,163.3700,146.1900,141.2100
196.7000,194.4800,197.6100,213.9700,194.1700,165.3500
133.0000,144.6400,138.3200,142.6100,139.8600,135.2600
108.9000,111.3900,113.4500,115.4400,100.6700,90.1800
86.6600,87.1800,90.9500,85.4400,76.5600,76.9400
46.7900,49.9100,50.9700,49.7100,42.7200,30.5700
704.9400,719.4100,793.2800,757.1800,701.7000,690.5100
28.5000,31.9500,33.2700,31.0600,24.5600,11.8000
31.0700,37.1400,38.1500,29.9600,25.8200,10.7900
94.2900,94.5400,104.7200,97.4800,90.7100,67.8000
47.5500,47.5100,53.7800,53.0900,52.5600,42.0600
143.3700,151.3800,157.7000,170.2300,162.0100,157.7100
138.9900,136.1100,131.8600,137.2100,129.2600,103.0300
143.3800,139.3700,136.3800,131.6800,121.1500,76.2400
52.7200,50.4800,53.9000,55.5800,49.6100,39.0100
52.4500,52.5400,55.0800,57.3800,52.8000,50.0800
56.1300,59.8200,63.5500,66.6000,62.4100,56.2600
220.6900,226.6700,237.4100,256.7900,240.0300,211.5000
46.0500,49.4800,51.1200,52.2600,45.0300,34.0000
166.3200,167.3000,161.1400,177.0000,165.6800,132.9200
19.1500,18.7800,20.1000,21.4200,17.1900,14.9100
99.7700,104.8000,107.1000,116.4600,102.5500,94.9500
22.6200,22.5500,25.0500,20.6100,18.7100,9.8300
13.7700,14.3500,13.6800,14.3800,11.2300,7.5800
17.1250,20.2900,21.5850,19.8900,20.8100,17.8500
55.8800,60.5900,62.2500,53.4000,46.7200,41.6900
287.4100,314.6600,323.5700,345.0900,369.0300,375.5000
18.9700,19.2200,19.2200,19.5300,15.4300,13.2800
39.7300,38.4000,43.4500,45.0600,44.6300,45.2800
13.7100,12.8800,14.1400,13.6200,12.0750,8.9750
14.1200,13.1700,14.5100,13.9700,12.4400,8.9900
238.3400,233.8200,242.1600,268.2000,252.7600,240.6200
20.1600,19.5500,20.3000,20.4000,18.2100,12.5400
89.5500,93.4900,101.3100,96.3000,89.3800,82.7400
28.0400,26.4500,27.8400,29.3100,27.0200,24.9700
19.2600,20.7600,24.8400,19.7700,15.8300,6.0400
35.9000,38.1700,40.9300,36.8600,34.7000,15.3400
182.0000,193.5000,194.1300,208.2100,182.3500,146.0000
99.6800,107.2400,106.2400,97.8100,87.7600,75.4600
352.4800,351.7700,343.9700,374.5700,328.8400,302.5500
50.7600,53.6400,58.4100,53.8500,37.2600,10.9600
40.1200,39.7300,39.7500,36.8900,33.2100,27.2600
53.8500,56.3600,56.2800,47.4900,41.3500,36.0200
201.0200,216.7400,235.3000,236.4300,270.0700,263.6000
435.5100,442.2800,438.2600,406.1000,368.7200,301.0500
40.5000,38.5700,41.2100,39.7200,32.7400,11.5800
77.1900,79.4800,81.0200,75.3100,69.2800,54.9000
69.8300,71.0500,75.6700,74.8700,66.7200,21.8100
54.4900,56.1400,52.9800,52.4500,49.4600,48.3300
76.0600,81.3700,79.1000,74.2100,66.9000,61.1300
109.4600,111.9000,111.9900,95.7500,90.6200,86.8300
183.4900,198.7900,205.8200,195.6900,184.7700,129.7300
83.6400,86.1200,85.0600,85.7700,77.4800,62.9200
104.1000,108.0100,108.1700,113.8900,107.9900,95.7400
41.4700,44.3500,45.8700,42.9300,39.3900,29.7600
16.1700,16.5000,16.9000,15.4200,13.9900,11.0500
137.1700,135.8300,136.6700,142.0200,132.0300,120.1000
85.9600,92.9000,97.1000,92.4800,86.4400,75.2800
53.0200,51.2300,51.6600,57.0400,50.6900,48.0900
38.3700,38.5200,39.1800,37.2400,33.4200,32.6400
6.1700,7.4600,10.8700,15.2100,15.5000,8.9900
81.4400,82.9300,85.0900,82.7000,81.8700,72.9600
116.8200,114.7200,111.4100,91.3700,74.8600,53.6500
94.1200,87.3900,89.9300,97.6900,89.4900,75.7900
123.0200,127.8400,151.3700,135.0000,122.7800,70.1500
146.7000,153.2100,159.6300,148.5500,126.4000,95.7200
96.0600,107.3400,117.2200,113.5000,105.5100,66.8300
125.1200,128.8400,133.4900,119.8400,104.4500,83.6000
33.4900,34.0300,35.8800,36.1900,30.0100,24.6800
53.3800,55.1000,55.0000,52.9500,44.3900,31.3400
124.5100,122.0600,124.9000,124.6200,113.2300,110.0000
69.7000,73.0500,72.3900,80.6900,73.1600,73.8400
87.7600,91.5500,89.1400,92.8800,84.2800,80.3700
91.1400,93.6200,93.7400,91.0600,75.4500,52.1400
63.3100,59.3100,59.0500,59.2000,51.3100,44.9100
222.8600,210.6800,212.9600,223.7600,209.1200,198.6100
39.2400,39.6500,38.8000,44.6500,40.2000,22.3200
87.1600,96.9600,105.1500,87.1700,74.1100,37.6400
80.8600,104.2100,116.2300,105.8600,100.5800,80.6300
80.4400,83.5500,88.2300,85.3100,78.3000,67.6500
42.0500,41.6400,40.7100,39.1500,38.1300,31.7300
101.2500,106.5500,106.7900,110.6700,106.0600,80.3000
4.0300,3.4900,4.8500,3.0000,2.7700,2.2800
83.4900,89.8200,89.4600,91.4300,83.6300,63.2000
212.2100,217.4200,219.7400,220.9400,188.5600,131.1500
81.7900,76.6300,73.6300,78.4100,72.3900,49.8600
67.2400,65.0400,63.0900,62.0400,57.4400,38.4300
306.2800,369.0000,375.4800,337.9400,444.5700,488.2900
16.1000,16.6400,17.1600,15.5700,13.5200,8.9700
87.5100,88.6500,89.6300,95.0500,90.2600,75.0600
147.9200,149.6000,154.9700,158.9700,158.9600,147.2900
57.2700,58.2000,63.1500,58.1700,50.4100,37.7500
171.9900,195.8400,202.6700,191.6600,183.5000,150.9100
336.9600,360.3700,354.2300,381.6600,351.7000,311.8100
109.6700,116.1500,116.4200,112.1900,108.7800,86.9700
108.8300,120.0200,133.5100,117.0800,80.4100,32.1700
257.9900,264.6500,273.0500,293.7300,265.9100,245.0500
156.4900,162.8900,162.6400,182.3100,170.4000,143.9800
240.6500,236.4700,240.9900,249.5600,265.0900,269.9700
32.6900,36.2000,40.2000,33.5100,27.0900,13.4900
58.0300,59.6800,59.5000,56.9900,47.9500,48.8000
41.7700,37.7300,39.8300,35.5000,30.3100,24.7100
144.5100,147.2700,151.4800,160.6400,139.7800,112.9900
572.3200,583.1300,583.5400,556.9900,516.7500,459.5200
150.6800,151.2100,148.9600,133.1500,123.0800,54.8600
91.0600,98.3000,120.8800,113.1500,100.1800,89.3800
83.6000,85.3300,91.8800,92.0400,78.4400,43.1000
162.6700,160.4600,169.4000,159.6300,144.7500,108.8200
62.6600,61.9900,63.7000,70.4000,60.3600,54.1400
56.1300,57.6400,53.9800,54.9800,46.1900,35.6100
151.3300,157.7400,165.7400,159.3300,143.7000,100.0000
84.5600,85.4300,87.9200,84.8300,78.4300,65.7400
66.0700,75.1000,79.1000,75.6300,68.1100,53.2700
57.6000,62.8200,63.8100,62.6800,57.4300,48.5800
216.2700,204.8600,209.9400,210.7000,190.5900,166.4900
221.4800,231.7300,251.0400,240.3300,208.1600,151.0800
35.3700,37.4100,36.0100,32.4100,29.1000,16.0900
135.7500,141.0400,139.2000,147.5100,137.9300,128.7900
79.8700,80.5500,85.5400,82.1400,66.6500,45.6300
115.8000,123.5600,121.8400,133.5300,118.0100,97.6500
120.3500,121.3500,122.4300,124.6400,107.4800,118.6100
25.8600,26.8900,26.9700,25.7700,23.4500,12.9500
106.9100,125.0100,128.2100,110.7400,103.0000,92.9700
89.5000,92.7100,95.8400,92.1800,82.8700,62.9800
19.7300,18.8400,21.4400,16.5100,14.8400,6.7400
117.9900,120.2100,128.2900,120.6500,114.1400,99.9300
46.0900,46.2400,44.6000,45.9300,40.6000,26.6700
46.7500,48.9700,50.3300,44.7800,39.9000,33.6800
147.6900,148.2300,153.5400,157.3100,159.4200,173.2500
291.0000,313.0900,321.2900,346.8900,324.5700,275.6700
146.8700,148.1600,146.9800,155.1700,143.9900,132.5000
19.8800,19.0500,21.6400,19.8400,17.0300,10.8200
131.0600,136.7200,136.9500,131.6200,119.8100,99.3500
129.9200,151.5800,144.6300,138.3100,117.6500,96.6000
301.9800,313.9500,324.8700,313.1900,290.8000,283.6000
124.5100,133.8000,133.6500,134.0200,133.5900,129.5000
57.6500,61.1300,61.0600,59.0400,59.8000,47.8100
97.3300,102.7600,105.2500,104.2600,92.6600,71.9700
95.0200,94.4400,93.4400,92.9500,88.5100,84.5500
526.2800,567.1000,560.0000,643.2800,557.8100,320.1900
40.4000,28.4000,30.3800,27.3200,23.4500,17.3900
32.0400,35.7600,37.0700,37.0800,30.7400,23.6300
31.2400,34.9800,36.4000,36.3300,30.4500,22.8800
82.7900,89.8900,91.0400,82.6300,67.8300,57.8700
57.0200,60.0300,59.2900,53.2200,46.4400,34.4500
50.2500,48.0500,46.7000,47.9100,44.9800,36.5400
233.1500,233.8600,253.1400,267.9100,257.0900,175.7000
20.6500,18.8900,21.6000,20.1800,14.1900,9.2100
18.5000,17.3000,19.1800,17.9600,12.4800,8.0600
165.4600,175.9900,180.7900,179.4200,159.8100,141.0400
90.8400,92.8000,88.0900,74.8000,61.5900,31.5500
252.7000,279.8700,293.9800,272.4500,254.9600,249.3800
115.1700,119.7300,117.0600,103.5200,90.4900,93.4200
133.5700,153.0500,166.7700,135.6900,132.4800,102.9000
143.5800,148.3400,149.7600,150.2000,130.5900,94.3300
137.4600,139.4900,143.4600,137.1100,123.7400,99.0800
27.5400,30.7400,29.1600,26.6900,23.3100,15.0100
82.2900,88.5400,99.6600,82.9700,72.0000,54.0800
96.9800,95.4900,93.6500,84.3100,66.2500,45.3600
120.8100,133.7300,142.0100,140.5700,122.9700,102.6600
65.1000,58.3100,57.7400,57.8600,53.7700,26.8000
190.0200,190.7400,192.6800,208.1400,189.7500,180.0900
144.7000,147.4800,149.3400,162.4700,155.1100,139.3800
60.4700,60.2400,61.4000,59.4400,54.1600,53.7300
195.4800,221.7500,218.9500,227.0500,224.0300,237.9500
178.8600,184.5100,187.9000,198.9700,181.7600,161.1200
65.6300,64.5700,66.5000,65.7700,53.5800,36.2100
142.8700,141.8700,143.9900,141.6300,120.2600,108.0700
117.2600,119.0900,118.8400,114.4900,107.6800,113.6200
54.7800,59.6000,58.9600,50.8500,45.7600,45.7500
112.2100,112.9100,113.9600,121.7000,110.8100,92.5600
211.6200,222.0700,233.6500,223.7900,194.8900,182.0500
94.4000,88.6500,92.2300,99.8900,92.3300,88.1300
51.6300,54.4600,53.8000,46.9400,40.8500,28.7000
90.6900,84.5700,81.7800,84.9100,74.8200,45.7800
51.6500,50.3300,63.4700,65.5000,55.5600,41.6200
25.0600,26.8800,26.7800,26.9000,22.3900,18.1300
37.3700,40.3300,42.9100,39.0000,33.2500,28.2600
29.2100,29.5100,30.2000,28.9500,25.9800,16.9500
152.1200,143.1000,147.5300,146.1700,127.8600,85.8000
22.3100,22.7200,23.7200,20.6900,19.0500,14.1500
186.9000,196.4400,201.9400,211.2900,189.2500,169.8500
121.3400,120.8500,138.8700,126.1600,107.9800,60.1900
63.5100,61.4900,63.4900,69.1900,62.3200,60.3000
33.9300,38.9300,36.8700,35.5700,32.2000,18.9400
90.7400,92.7800,97.7700,84.4800,83.4900,77.9400
76.6900,77.5100,78.7900,81.6600,77.3400,65.1300
101.7100,100.6700,100.7300,105.7700,89.2500,68.5300
138.2300,145.2800,149.6800,147.9000,136.1500,101.0800
48.4700,49.7800,51.9200,45.4900,39.9500,26.7600
127.9200,120.5200,132.3500,134.2100,133.2300,117.6900
